sensor_id,timestamp,temperature_c,pressure_bar,vibration_mm_s,status
S003,2025-07-20 00:00:00,75.97,1.27,2.52,NORMAL
S005,2025-07-20 00:15:00,92.87,1.25,1.73,ALERT
S009,2025-07-20 00:30:00,69.44,1.03,1.98,NORMAL
S006,2025-07-20 00:45:00,82.04,1.21,3.12,NORMAL
S002,2025-07-20 01:00:00,85.37,1.27,2.21,NORMAL
S007,2025-07-20 01:15:00,60.4,1.49,4.75,NORMAL
S003,2025-07-20 01:30:00,84.15,0.85,4.22,NORMAL
S009,2025-07-20 01:45:00,93.37,1.07,3.68,NORMAL
S004,2025-07-20 02:00:00,83.65,1.03,1.66,ALERT
S001,2025-07-20 02:15:00,91.44,0.86,3.2,ALERT
S006,2025-07-20 02:30:00,68.62,1.07,1.29,ALERT
S009,2025-07-20 02:45:00,75.73,0.89,5.4,NORMAL
S006,2025-07-20 03:00:00,85.38,1.24,4.43,NORMAL
S008,2025-07-20 03:15:00,61.51,0.87,5.14,NORMAL
S004,2025-07-20 03:30:00,79.75,1.01,4.37,ALERT
S006,2025-07-20 03:45:00,67.52,1.12,3.83,NORMAL
S008,2025-07-20 04:00:00,66.95,1.24,3.75,NORMAL
S010,2025-07-20 04:15:00,99.62,1.37,3.74,NORMAL
S009,2025-07-20 04:30:00,60.93,0.89,5.17,NORMAL
S003,2025-07-20 04:45:00,64.93,0.87,2.37,NORMAL
S002,2025-07-20 05:00:00,99.38,0.87,2.75,NORMAL
S009,2025-07-20 05:15:00,85.77,0.97,2.9,ALERT
S009,2025-07-20 05:30:00,95.53,0.81,4.99,ALERT
S009,2025-07-20 05:45:00,97.47,0.91,5.74,NORMAL
S008,2025-07-20 06:00:00,86.38,1.49,5.89,NORMAL
S003,2025-07-20 06:15:00,61.51,1.07,1.2,NORMAL
S006,2025-07-20 06:30:00,95.32,1.49,3.82,NORMAL
S006,2025-07-20 06:45:00,62.63,1.21,3.14,NORMAL
S010,2025-07-20 07:00:00,81.45,1.25,4.58,NORMAL
S008,2025-07-20 07:15:00,79.2,0.9,5.76,NORMAL
S003,2025-07-20 07:30:00,88.1,1.42,1.13,NORMAL
S003,2025-07-20 07:45:00,87.02,0.92,2.54,NORMAL
S010,2025-07-20 08:00:00,99.35,1.06,1.9,NORMAL
S008,2025-07-20 08:15:00,92.79,1.16,4.01,NORMAL
S010,2025-07-20 08:30:00,72.43,1.21,2.5,NORMAL
S003,2025-07-20 08:45:00,72.94,1.06,1.16,NORMAL
S010,2025-07-20 09:00:00,63.54,0.91,1.11,NORMAL
S004,2025-07-20 09:15:00,96.62,0.82,5.57,NORMAL
S003,2025-07-20 09:30:00,69.72,0.88,5.71,NORMAL
S009,2025-07-20 09:45:00,84.16,1.05,1.67,NORMAL
S004,2025-07-20 10:00:00,77.22,1.21,4.51,ALERT
S001,2025-07-20 10:15:00,83.21,1.04,4.34,NORMAL
S001,2025-07-20 10:30:00,98.09,1.02,2.11,NORMAL
S002,2025-07-20 10:45:00,63.06,0.83,3.4,NORMAL
S001,2025-07-20 11:00:00,76.59,1.02,5.37,NORMAL
S006,2025-07-20 11:15:00,80.42,1.14,5.33,NORMAL
S007,2025-07-20 11:30:00,89.43,0.92,3.56,NORMAL
S004,2025-07-20 11:45:00,61.7,1.14,5.48,NORMAL
S004,2025-07-20 12:00:00,60.84,1.1,4.73,NORMAL
S010,2025-07-20 12:15:00,65.82,1.02,5.04,NORMAL
S009,2025-07-20 12:30:00,79.0,1.01,1.02,NORMAL
S010,2025-07-20 12:45:00,87.11,0.84,4.37,NORMAL
S001,2025-07-20 13:00:00,96.08,0.93,3.48,NORMAL
S001,2025-07-20 13:15:00,80.09,1.23,5.02,NORMAL
S002,2025-07-20 13:30:00,90.93,1.01,1.68,NORMAL
S008,2025-07-20 13:45:00,82.14,1.14,4.64,NORMAL
S007,2025-07-20 14:00:00,79.13,1.0,1.52,NORMAL
S009,2025-07-20 14:15:00,76.84,1.16,2.64,NORMAL
S003,2025-07-20 14:30:00,67.72,1.02,2.17,NORMAL
S003,2025-07-20 14:45:00,96.84,0.84,1.86,NORMAL
S003,2025-07-20 15:00:00,92.43,1.49,5.12,NORMAL
S003,2025-07-20 15:15:00,74.96,1.09,2.73,NORMAL
S008,2025-07-20 15:30:00,73.54,0.82,4.74,NORMAL
S004,2025-07-20 15:45:00,96.18,1.46,3.42,NORMAL
S007,2025-07-20 16:00:00,96.59,1.23,4.75,NORMAL
S004,2025-07-20 16:15:00,64.61,1.41,3.45,NORMAL
S002,2025-07-20 16:30:00,73.86,1.38,2.06,ALERT
S009,2025-07-20 16:45:00,69.44,0.96,2.4,ALERT
S004,2025-07-20 17:00:00,67.38,1.27,3.02,NORMAL
S004,2025-07-20 17:15:00,89.17,1.5,3.16,NORMAL
S009,2025-07-20 17:30:00,73.95,1.09,2.92,NORMAL
S002,2025-07-20 17:45:00,79.18,1.21,2.59,ALERT
S001,2025-07-20 18:00:00,88.49,0.99,2.87,ALERT
S009,2025-07-20 18:15:00,78.82,0.98,3.68,NORMAL
S009,2025-07-20 18:30:00,63.14,1.44,3.38,NORMAL
S006,2025-07-20 18:45:00,77.67,1.21,5.12,NORMAL
S007,2025-07-20 19:00:00,82.95,0.83,2.14,NORMAL
S002,2025-07-20 19:15:00,72.93,0.85,4.43,NORMAL
S004,2025-07-20 19:30:00,94.17,1.16,1.14,NORMAL
S008,2025-07-20 19:45:00,97.87,1.46,1.21,NORMAL
S004,2025-07-20 20:00:00,60.45,1.28,3.96,NORMAL
S004,2025-07-20 20:15:00,98.15,1.39,5.95,ALERT
S001,2025-07-20 20:30:00,66.63,0.95,4.78,NORMAL
S008,2025-07-20 20:45:00,75.28,1.1,5.77,NORMAL
S006,2025-07-20 21:00:00,82.61,0.95,1.97,NORMAL
S005,2025-07-20 21:15:00,86.81,0.82,5.09,ALERT
S010,2025-07-20 21:30:00,94.08,1.49,3.38,NORMAL
S004,2025-07-20 21:45:00,70.05,0.84,5.42,NORMAL
S008,2025-07-20 22:00:00,84.71,1.16,2.93,NORMAL
S001,2025-07-20 22:15:00,68.31,1.22,1.82,NORMAL
S004,2025-07-20 22:30:00,88.26,1.02,3.47,NORMAL
S010,2025-07-20 22:45:00,75.81,0.84,4.7,NORMAL
S002,2025-07-20 23:00:00,86.36,1.25,1.69,NORMAL
S007,2025-07-20 23:15:00,85.61,0.87,4.31,NORMAL
S009,2025-07-20 23:30:00,95.4,1.12,3.5,NORMAL
S010,2025-07-20 23:45:00,63.15,0.89,1.7,NORMAL
S007,2025-07-21 00:00:00,61.7,1.22,1.03,ALERT
S010,2025-07-21 00:15:00,69.55,0.93,5.57,NORMAL
S002,2025-07-21 00:30:00,97.63,0.98,2.98,NORMAL
S002,2025-07-21 00:45:00,97.15,1.35,5.83,NORMAL
S002,2025-07-21 01:00:00,77.03,1.26,4.76,NORMAL
S008,2025-07-21 01:15:00,66.03,1.22,5.79,NORMAL
S006,2025-07-21 01:30:00,70.13,1.3,1.82,NORMAL
S004,2025-07-21 01:45:00,91.85,0.89,1.06,NORMAL
S004,2025-07-21 02:00:00,91.88,1.29,2.96,NORMAL
S006,2025-07-21 02:15:00,88.51,0.87,1.42,NORMAL
S008,2025-07-21 02:30:00,63.37,0.96,2.86,NORMAL
S003,2025-07-21 02:45:00,96.39,1.37,4.08,ALERT
S008,2025-07-21 03:00:00,82.99,1.16,5.02,NORMAL
S007,2025-07-21 03:15:00,91.11,1.25,4.33,ALERT
S008,2025-07-21 03:30:00,85.42,1.4,2.14,NORMAL
S004,2025-07-21 03:45:00,92.64,0.83,1.21,NORMAL
S008,2025-07-21 04:00:00,61.28,1.45,4.38,NORMAL
S002,2025-07-21 04:15:00,96.0,1.12,5.15,NORMAL
S006,2025-07-21 04:30:00,88.86,1.36,2.8,NORMAL
S008,2025-07-21 04:45:00,62.12,0.86,2.9,NORMAL
S007,2025-07-21 05:00:00,62.7,0.96,4.39,NORMAL
S010,2025-07-21 05:15:00,80.65,1.21,2.82,NORMAL
S009,2025-07-21 05:30:00,99.44,0.86,1.77,NORMAL
S010,2025-07-21 05:45:00,97.67,1.38,2.98,NORMAL
S001,2025-07-21 06:00:00,61.55,1.27,3.68,NORMAL
S006,2025-07-21 06:15:00,75.89,1.49,4.21,NORMAL
S002,2025-07-21 06:30:00,97.79,1.13,1.82,NORMAL
S002,2025-07-21 06:45:00,87.45,0.84,3.42,NORMAL
S007,2025-07-21 07:00:00,90.46,1.02,5.1,NORMAL
S007,2025-07-21 07:15:00,67.26,1.26,1.28,NORMAL
S001,2025-07-21 07:30:00,99.89,1.38,1.56,NORMAL
S010,2025-07-21 07:45:00,87.07,1.43,4.37,ALERT
S003,2025-07-21 08:00:00,62.24,1.19,1.33,NORMAL
S002,2025-07-21 08:15:00,82.12,0.91,3.4,NORMAL
S010,2025-07-21 08:30:00,69.02,0.82,3.66,NORMAL
S006,2025-07-21 08:45:00,81.68,1.15,3.72,NORMAL
S004,2025-07-21 09:00:00,92.67,0.82,1.02,NORMAL
S010,2025-07-21 09:15:00,79.53,1.1,3.34,NORMAL
S007,2025-07-21 09:30:00,82.83,0.96,5.61,NORMAL
S007,2025-07-21 09:45:00,86.58,1.12,1.27,NORMAL
S001,2025-07-21 10:00:00,97.39,0.8,4.24,NORMAL
S004,2025-07-21 10:15:00,70.7,1.09,5.86,NORMAL
S008,2025-07-21 10:30:00,91.06,1.36,4.81,NORMAL
S009,2025-07-21 10:45:00,67.86,1.03,5.52,NORMAL
S002,2025-07-21 11:00:00,80.08,1.22,1.46,ALERT
S006,2025-07-21 11:15:00,63.96,1.16,1.39,ALERT
S003,2025-07-21 11:30:00,78.52,0.97,4.06,ALERT
S002,2025-07-21 11:45:00,60.81,1.08,1.35,NORMAL
S009,2025-07-21 12:00:00,67.29,1.13,1.95,ALERT
S006,2025-07-21 12:15:00,87.53,1.45,2.1,NORMAL
S004,2025-07-21 12:30:00,83.82,1.42,4.11,NORMAL
S008,2025-07-21 12:45:00,73.31,1.19,5.42,NORMAL
S002,2025-07-21 13:00:00,77.5,1.3,5.37,ALERT
S007,2025-07-21 13:15:00,97.68,0.95,5.75,NORMAL
S009,2025-07-21 13:30:00,94.41,1.11,2.48,ALERT
S003,2025-07-21 13:45:00,74.84,0.88,1.77,NORMAL
S001,2025-07-21 14:00:00,97.23,1.35,5.29,NORMAL
S009,2025-07-21 14:15:00,77.93,1.14,1.54,NORMAL
S010,2025-07-21 14:30:00,83.54,1.34,4.51,ALERT
S003,2025-07-21 14:45:00,69.27,1.44,5.05,ALERT
S007,2025-07-21 15:00:00,76.78,1.07,3.67,ALERT
S006,2025-07-21 15:15:00,67.05,1.39,2.37,NORMAL
S003,2025-07-21 15:30:00,99.3,1.28,4.51,NORMAL
S001,2025-07-21 15:45:00,99.94,1.26,3.79,NORMAL
S005,2025-07-21 16:00:00,70.94,1.47,2.6,NORMAL
S002,2025-07-21 16:15:00,63.77,0.8,4.83,NORMAL
S008,2025-07-21 16:30:00,66.18,1.43,5.7,NORMAL
S002,2025-07-21 16:45:00,80.69,1.38,4.86,NORMAL
S006,2025-07-21 17:00:00,62.55,0.9,4.02,NORMAL
S006,2025-07-21 17:15:00,72.91,0.96,3.04,NORMAL
S010,2025-07-21 17:30:00,67.72,1.33,2.1,ALERT
S010,2025-07-21 17:45:00,84.1,0.84,3.15,NORMAL
S003,2025-07-21 18:00:00,94.04,0.91,5.82,NORMAL
S003,2025-07-21 18:15:00,73.54,1.5,3.9,NORMAL
S001,2025-07-21 18:30:00,78.1,1.01,4.05,NORMAL
S005,2025-07-21 18:45:00,66.74,1.38,1.69,NORMAL
S002,2025-07-21 19:00:00,82.15,0.81,4.25,NORMAL
S003,2025-07-21 19:15:00,89.28,0.93,4.28,ALERT
S006,2025-07-21 19:30:00,91.57,1.02,1.05,NORMAL
S006,2025-07-21 19:45:00,92.7,1.03,5.66,ALERT
S009,2025-07-21 20:00:00,70.69,0.91,4.87,NORMAL
S010,2025-07-21 20:15:00,97.18,0.87,5.92,NORMAL
S002,2025-07-21 20:30:00,72.25,1.37,1.14,ALERT
S008,2025-07-21 20:45:00,96.3,1.11,3.32,NORMAL
S009,2025-07-21 21:00:00,72.81,1.05,3.04,ALERT
S006,2025-07-21 21:15:00,80.5,1.28,1.23,NORMAL
S003,2025-07-21 21:30:00,88.66,1.05,5.27,NORMAL
S010,2025-07-21 21:45:00,87.43,1.24,5.26,NORMAL
S009,2025-07-21 22:00:00,93.17,1.04,1.7,NORMAL
S001,2025-07-21 22:15:00,93.15,1.5,3.53,NORMAL
S001,2025-07-21 22:30:00,93.11,1.26,1.99,NORMAL
S006,2025-07-21 22:45:00,64.57,0.89,4.68,NORMAL
S005,2025-07-21 23:00:00,92.32,1.18,1.53,ALERT
S008,2025-07-21 23:15:00,72.49,0.97,3.32,NORMAL
S001,2025-07-21 23:30:00,85.23,0.89,1.88,NORMAL
S001,2025-07-21 23:45:00,82.19,1.09,3.25,NORMAL
S001,2025-07-22 00:00:00,99.65,1.4,1.31,ALERT
S007,2025-07-22 00:15:00,61.79,0.91,4.72,NORMAL
S008,2025-07-22 00:30:00,99.53,1.39,3.27,NORMAL
S010,2025-07-22 00:45:00,74.99,1.34,1.81,NORMAL
S003,2025-07-22 01:00:00,65.47,1.43,4.75,NORMAL
S010,2025-07-22 01:15:00,89.23,0.91,1.65,NORMAL
S008,2025-07-22 01:30:00,62.41,1.48,3.82,NORMAL
S002,2025-07-22 01:45:00,81.45,1.31,3.86,NORMAL
S009,2025-07-22 02:00:00,61.9,1.09,3.91,NORMAL
S008,2025-07-22 02:15:00,66.54,1.38,4.68,NORMAL
S004,2025-07-22 02:30:00,99.88,1.49,5.11,NORMAL
S006,2025-07-22 02:45:00,70.37,1.08,1.36,ALERT
S003,2025-07-22 03:00:00,71.77,1.45,5.82,NORMAL
S008,2025-07-22 03:15:00,98.81,1.39,5.8,NORMAL
S010,2025-07-22 03:30:00,60.03,1.19,1.39,NORMAL
S007,2025-07-22 03:45:00,96.4,1.31,2.68,NORMAL
S001,2025-07-22 04:00:00,72.21,1.22,6.0,NORMAL
S001,2025-07-22 04:15:00,91.19,0.84,2.94,NORMAL
S006,2025-07-22 04:30:00,96.34,1.42,1.26,NORMAL
S002,2025-07-22 04:45:00,94.83,1.03,5.37,NORMAL
S003,2025-07-22 05:00:00,85.59,1.06,2.39,NORMAL
S009,2025-07-22 05:15:00,96.6,0.83,3.48,NORMAL
S007,2025-07-22 05:30:00,70.24,1.48,1.15,NORMAL
S004,2025-07-22 05:45:00,78.99,1.05,4.68,NORMAL
S001,2025-07-22 06:00:00,62.83,1.1,2.31,NORMAL
S010,2025-07-22 06:15:00,70.81,0.98,3.17,NORMAL
S010,2025-07-22 06:30:00,88.51,1.32,2.93,ALERT
S010,2025-07-22 06:45:00,88.0,0.94,3.93,NORMAL
S005,2025-07-22 07:00:00,84.86,1.43,4.75,NORMAL
S002,2025-07-22 07:15:00,65.54,1.02,2.38,NORMAL
S008,2025-07-22 07:30:00,91.89,0.94,4.26,NORMAL
S004,2025-07-22 07:45:00,98.24,1.36,3.58,NORMAL
S005,2025-07-22 08:00:00,85.71,1.33,1.45,NORMAL
S003,2025-07-22 08:15:00,61.62,1.42,2.27,NORMAL
S010,2025-07-22 08:30:00,83.84,1.39,2.27,ALERT
S002,2025-07-22 08:45:00,73.59,0.83,3.43,NORMAL
S007,2025-07-22 09:00:00,98.35,1.4,1.85,NORMAL
S003,2025-07-22 09:15:00,90.49,0.8,5.4,NORMAL
S003,2025-07-22 09:30:00,89.16,1.34,5.06,NORMAL
S008,2025-07-22 09:45:00,99.69,1.34,3.88,NORMAL
S009,2025-07-22 10:00:00,64.14,1.1,3.45,NORMAL
S004,2025-07-22 10:15:00,74.7,1.19,2.71,ALERT
S004,2025-07-22 10:30:00,63.61,1.27,5.26,NORMAL
S003,2025-07-22 10:45:00,73.38,0.87,4.42,NORMAL
S005,2025-07-22 11:00:00,84.94,1.33,1.66,NORMAL
S002,2025-07-22 11:15:00,66.54,1.0,5.42,NORMAL
S005,2025-07-22 11:30:00,79.24,1.42,4.28,NORMAL
S006,2025-07-22 11:45:00,74.44,1.3,5.82,NORMAL
S007,2025-07-22 12:00:00,65.75,1.32,2.02,NORMAL
S001,2025-07-22 12:15:00,65.46,1.49,3.89,NORMAL
S003,2025-07-22 12:30:00,94.97,0.91,2.6,NORMAL
S007,2025-07-22 12:45:00,87.68,0.84,4.84,NORMAL
S001,2025-07-22 13:00:00,72.16,0.82,4.02,ALERT
S006,2025-07-22 13:15:00,69.82,1.44,2.4,NORMAL
S009,2025-07-22 13:30:00,82.78,1.11,2.55,NORMAL
S004,2025-07-22 13:45:00,68.51,1.38,5.03,NORMAL
S010,2025-07-22 14:00:00,82.02,1.31,4.57,NORMAL
S004,2025-07-22 14:15:00,71.51,1.41,5.24,NORMAL
S005,2025-07-22 14:30:00,79.47,0.9,4.28,NORMAL
S001,2025-07-22 14:45:00,82.21,1.23,4.73,NORMAL
S010,2025-07-22 15:00:00,86.81,1.01,3.86,NORMAL
S001,2025-07-22 15:15:00,86.53,1.19,5.16,NORMAL
S007,2025-07-22 15:30:00,64.46,1.24,4.36,NORMAL
S006,2025-07-22 15:45:00,80.03,0.87,2.68,NORMAL
S002,2025-07-22 16:00:00,96.18,1.45,1.35,NORMAL
S006,2025-07-22 16:15:00,92.86,1.45,5.34,NORMAL
S007,2025-07-22 16:30:00,79.21,1.06,5.47,NORMAL
S007,2025-07-22 16:45:00,95.11,0.99,4.34,NORMAL
S007,2025-07-22 17:00:00,74.41,1.24,4.05,NORMAL
S008,2025-07-22 17:15:00,94.9,1.1,4.74,NORMAL
S007,2025-07-22 17:30:00,78.97,0.85,2.85,NORMAL
S006,2025-07-22 17:45:00,67.43,1.46,3.43,NORMAL
S003,2025-07-22 18:00:00,87.52,1.27,5.82,NORMAL
S003,2025-07-22 18:15:00,87.67,1.05,3.57,NORMAL
S007,2025-07-22 18:30:00,91.27,0.91,3.56,NORMAL
S005,2025-07-22 18:45:00,66.46,0.89,5.33,NORMAL
S006,2025-07-22 19:00:00,60.85,1.07,5.09,NORMAL
S003,2025-07-22 19:15:00,83.52,1.47,5.01,NORMAL
S006,2025-07-22 19:30:00,61.74,1.03,5.28,NORMAL
S003,2025-07-22 19:45:00,64.25,1.09,3.65,NORMAL
S009,2025-07-22 20:00:00,93.14,1.12,2.67,ALERT
S003,2025-07-22 20:15:00,64.52,1.3,2.58,ALERT
S006,2025-07-22 20:30:00,63.8,0.83,3.26,NORMAL
S004,2025-07-22 20:45:00,99.89,1.11,5.01,NORMAL
S006,2025-07-22 21:00:00,93.7,1.16,4.74,NORMAL
S004,2025-07-22 21:15:00,73.68,0.93,2.97,NORMAL
S007,2025-07-22 21:30:00,92.02,1.35,4.39,ALERT
S005,2025-07-22 21:45:00,61.53,1.5,5.61,NORMAL
S002,2025-07-22 22:00:00,83.57,1.16,1.95,NORMAL
S010,2025-07-22 22:15:00,61.14,0.83,3.86,ALERT
S010,2025-07-22 22:30:00,68.92,1.23,2.81,NORMAL
S001,2025-07-22 22:45:00,77.79,0.93,5.0,NORMAL
S009,2025-07-22 23:00:00,79.61,1.02,1.91,ALERT
S010,2025-07-22 23:15:00,60.02,0.85,5.13,NORMAL
S006,2025-07-22 23:30:00,92.39,0.92,5.63,NORMAL
S003,2025-07-22 23:45:00,73.51,1.28,1.23,NORMAL
S003,2025-07-23 00:00:00,90.84,1.37,3.68,NORMAL
S005,2025-07-23 00:15:00,88.37,1.0,1.34,ALERT
S009,2025-07-23 00:30:00,68.42,1.11,5.38,NORMAL
S008,2025-07-23 00:45:00,89.33,1.24,4.29,ALERT
S008,2025-07-23 01:00:00,94.44,1.04,3.95,NORMAL
S010,2025-07-23 01:15:00,62.6,0.85,1.81,NORMAL
S001,2025-07-23 01:30:00,95.53,0.82,5.7,ALERT
S005,2025-07-23 01:45:00,69.87,1.08,1.43,NORMAL
S007,2025-07-23 02:00:00,94.36,1.24,4.87,NORMAL
S003,2025-07-23 02:15:00,69.43,1.39,5.81,NORMAL
S001,2025-07-23 02:30:00,77.48,1.49,2.72,ALERT
S009,2025-07-23 02:45:00,95.42,1.36,1.67,ALERT
S004,2025-07-23 03:00:00,62.08,1.18,4.36,NORMAL
S009,2025-07-23 03:15:00,81.75,0.83,5.88,NORMAL
S008,2025-07-23 03:30:00,75.59,1.5,4.38,NORMAL
S001,2025-07-23 03:45:00,72.5,1.3,1.74,NORMAL
S006,2025-07-23 04:00:00,66.77,1.12,1.73,NORMAL
S002,2025-07-23 04:15:00,95.09,1.22,3.67,NORMAL
S002,2025-07-23 04:30:00,67.55,1.21,5.95,ALERT
S006,2025-07-23 04:45:00,85.44,1.44,4.76,NORMAL
S006,2025-07-23 05:00:00,72.87,1.01,4.18,NORMAL
S006,2025-07-23 05:15:00,88.18,1.02,4.8,NORMAL
S008,2025-07-23 05:30:00,78.16,1.0,1.96,ALERT
S005,2025-07-23 05:45:00,82.46,1.33,2.39,NORMAL
S005,2025-07-23 06:00:00,80.95,1.24,2.46,NORMAL
S003,2025-07-23 06:15:00,93.35,1.22,4.98,NORMAL
S003,2025-07-23 06:30:00,63.73,0.89,5.83,NORMAL
S006,2025-07-23 06:45:00,85.34,0.87,2.08,NORMAL
S005,2025-07-23 07:00:00,72.51,1.38,1.12,NORMAL
S006,2025-07-23 07:15:00,79.86,0.81,2.29,NORMAL
S009,2025-07-23 07:30:00,98.04,1.42,3.44,NORMAL
S004,2025-07-23 07:45:00,89.12,1.07,1.41,NORMAL
S005,2025-07-23 08:00:00,89.58,1.17,5.18,ALERT
S009,2025-07-23 08:15:00,70.43,1.29,3.49,NORMAL
S007,2025-07-23 08:30:00,76.73,1.18,4.72,ALERT
S002,2025-07-23 08:45:00,65.68,1.42,2.6,NORMAL
S001,2025-07-23 09:00:00,63.04,1.47,3.04,NORMAL
S006,2025-07-23 09:15:00,63.86,0.87,2.64,NORMAL
S003,2025-07-23 09:30:00,74.66,1.43,3.04,NORMAL
S010,2025-07-23 09:45:00,86.19,0.83,2.61,NORMAL
S004,2025-07-23 10:00:00,78.79,1.25,1.26,NORMAL
S007,2025-07-23 10:15:00,67.62,1.22,1.57,NORMAL
S003,2025-07-23 10:30:00,66.78,1.27,5.98,NORMAL
S004,2025-07-23 10:45:00,65.74,1.23,5.6,NORMAL
S002,2025-07-23 11:00:00,76.69,1.14,5.36,NORMAL
S008,2025-07-23 11:15:00,67.9,0.97,4.09,NORMAL
S009,2025-07-23 11:30:00,70.8,1.4,4.89,NORMAL
S009,2025-07-23 11:45:00,68.76,0.82,5.8,ALERT
S003,2025-07-23 12:00:00,63.25,0.93,3.81,NORMAL
S009,2025-07-23 12:15:00,73.83,1.1,4.48,NORMAL
S008,2025-07-23 12:30:00,70.14,1.04,3.4,NORMAL
S005,2025-07-23 12:45:00,78.61,1.13,3.1,NORMAL
S002,2025-07-23 13:00:00,74.12,1.06,4.62,ALERT
S002,2025-07-23 13:15:00,62.24,1.48,4.89,NORMAL
S002,2025-07-23 13:30:00,75.54,0.8,3.23,NORMAL
S003,2025-07-23 13:45:00,61.75,1.02,2.08,NORMAL
S001,2025-07-23 14:00:00,92.61,1.22,5.73,NORMAL
S005,2025-07-23 14:15:00,63.93,1.02,1.34,NORMAL
S009,2025-07-23 14:30:00,98.95,0.82,3.76,ALERT
S001,2025-07-23 14:45:00,85.73,1.43,2.99,NORMAL
S003,2025-07-23 15:00:00,97.91,0.8,3.94,NORMAL
S010,2025-07-23 15:15:00,94.4,0.91,3.15,NORMAL
S004,2025-07-23 15:30:00,73.72,0.87,2.44,NORMAL
S001,2025-07-23 15:45:00,94.74,0.81,2.3,NORMAL
S007,2025-07-23 16:00:00,71.53,1.34,4.42,ALERT
S009,2025-07-23 16:15:00,63.47,0.88,5.78,NORMAL
S010,2025-07-23 16:30:00,60.99,1.45,1.31,NORMAL
S008,2025-07-23 16:45:00,92.07,1.26,4.24,NORMAL
S003,2025-07-23 17:00:00,97.56,1.43,5.42,NORMAL
S003,2025-07-23 17:15:00,89.36,1.12,5.64,ALERT
S001,2025-07-23 17:30:00,98.36,1.38,5.54,ALERT
S007,2025-07-23 17:45:00,85.12,1.47,3.44,NORMAL
S003,2025-07-23 18:00:00,78.38,0.91,3.94,NORMAL
S004,2025-07-23 18:15:00,91.39,1.22,1.97,NORMAL
S003,2025-07-23 18:30:00,81.66,1.07,5.54,NORMAL
S005,2025-07-23 18:45:00,69.56,1.32,1.79,NORMAL
S004,2025-07-23 19:00:00,72.46,1.38,1.7,NORMAL
S003,2025-07-23 19:15:00,83.8,1.33,2.82,NORMAL
S008,2025-07-23 19:30:00,91.67,1.45,4.81,NORMAL
S003,2025-07-23 19:45:00,75.55,0.82,2.08,NORMAL
S010,2025-07-23 20:00:00,83.37,1.4,1.99,NORMAL
S001,2025-07-23 20:15:00,60.77,1.18,2.16,NORMAL
S005,2025-07-23 20:30:00,73.54,1.12,3.26,ALERT
S009,2025-07-23 20:45:00,83.01,0.82,1.2,NORMAL
S003,2025-07-23 21:00:00,60.11,1.27,2.38,NORMAL
S006,2025-07-23 21:15:00,72.69,0.88,1.68,NORMAL
S001,2025-07-23 21:30:00,82.11,1.26,2.17,NORMAL
S004,2025-07-23 21:45:00,65.02,1.24,3.65,NORMAL
S010,2025-07-23 22:00:00,98.55,1.25,1.53,NORMAL
S010,2025-07-23 22:15:00,63.54,1.41,2.81,NORMAL
S001,2025-07-23 22:30:00,91.89,0.88,1.97,NORMAL
S010,2025-07-23 22:45:00,63.44,1.17,4.87,NORMAL
S010,2025-07-23 23:00:00,81.94,1.45,1.82,NORMAL
S004,2025-07-23 23:15:00,67.73,1.45,4.49,NORMAL
S002,2025-07-23 23:30:00,87.15,0.96,5.38,NORMAL
S003,2025-07-23 23:45:00,73.34,1.27,1.73,NORMAL
S009,2025-07-24 00:00:00,82.25,0.87,3.0,NORMAL
S007,2025-07-24 00:15:00,84.56,1.45,3.05,NORMAL
S010,2025-07-24 00:30:00,81.16,1.37,5.32,NORMAL
S004,2025-07-24 00:45:00,91.95,1.47,1.29,NORMAL
S004,2025-07-24 01:00:00,73.49,1.26,4.64,NORMAL
S001,2025-07-24 01:15:00,64.15,1.25,4.5,NORMAL
S006,2025-07-24 01:30:00,92.1,1.07,4.78,NORMAL
S003,2025-07-24 01:45:00,79.46,1.18,3.35,NORMAL
S003,2025-07-24 02:00:00,90.07,0.92,1.01,NORMAL
S007,2025-07-24 02:15:00,68.86,1.21,5.28,NORMAL
S006,2025-07-24 02:30:00,88.6,1.11,1.75,NORMAL
S007,2025-07-24 02:45:00,82.81,0.95,5.28,NORMAL
S010,2025-07-24 03:00:00,98.95,1.39,2.39,NORMAL
S004,2025-07-24 03:15:00,91.42,1.14,1.39,ALERT
S007,2025-07-24 03:30:00,68.13,0.93,1.29,NORMAL
S009,2025-07-24 03:45:00,86.18,1.19,5.11,NORMAL
S003,2025-07-24 04:00:00,96.26,1.24,2.61,NORMAL
S009,2025-07-24 04:15:00,76.25,1.45,5.48,NORMAL
S009,2025-07-24 04:30:00,84.1,1.15,4.2,NORMAL
S003,2025-07-24 04:45:00,60.2,0.89,2.61,NORMAL
S002,2025-07-24 05:00:00,96.75,1.46,4.82,NORMAL
S001,2025-07-24 05:15:00,91.13,1.05,5.2,ALERT
S003,2025-07-24 05:30:00,87.94,1.08,1.87,NORMAL
S003,2025-07-24 05:45:00,80.74,0.86,4.1,NORMAL
S003,2025-07-24 06:00:00,84.53,1.25,2.09,NORMAL
S006,2025-07-24 06:15:00,79.8,0.97,1.01,NORMAL
S002,2025-07-24 06:30:00,62.48,0.95,3.13,NORMAL
S002,2025-07-24 06:45:00,91.06,1.18,3.12,NORMAL
S009,2025-07-24 07:00:00,64.35,1.31,4.57,NORMAL
S007,2025-07-24 07:15:00,83.65,1.2,5.69,ALERT
S002,2025-07-24 07:30:00,95.89,1.26,2.36,NORMAL
S001,2025-07-24 07:45:00,76.27,0.8,4.9,NORMAL
S006,2025-07-24 08:00:00,62.04,0.97,2.09,ALERT
S006,2025-07-24 08:15:00,91.99,1.19,5.92,ALERT
S009,2025-07-24 08:30:00,67.58,1.28,1.66,NORMAL
S004,2025-07-24 08:45:00,66.72,1.21,5.05,NORMAL
S001,2025-07-24 09:00:00,69.15,1.45,5.82,NORMAL
S009,2025-07-24 09:15:00,88.95,0.8,4.83,NORMAL
S006,2025-07-24 09:30:00,99.93,1.47,5.92,ALERT
S004,2025-07-24 09:45:00,73.28,0.94,3.08,NORMAL
S006,2025-07-24 10:00:00,80.97,0.84,2.26,NORMAL
S007,2025-07-24 10:15:00,67.84,0.83,1.02,NORMAL
S005,2025-07-24 10:30:00,77.63,0.9,1.93,ALERT
S003,2025-07-24 10:45:00,82.35,1.35,2.32,NORMAL
S008,2025-07-24 11:00:00,67.45,1.32,2.58,NORMAL
S010,2025-07-24 11:15:00,82.28,0.88,3.31,NORMAL
S003,2025-07-24 11:30:00,99.62,1.28,1.18,NORMAL
S001,2025-07-24 11:45:00,74.47,1.25,4.82,NORMAL
S003,2025-07-24 12:00:00,71.16,1.0,5.54,NORMAL
S007,2025-07-24 12:15:00,72.25,1.38,2.21,ALERT
S001,2025-07-24 12:30:00,64.19,1.44,3.85,NORMAL
S001,2025-07-24 12:45:00,89.6,1.48,3.95,NORMAL
S005,2025-07-24 13:00:00,66.96,1.12,5.32,NORMAL
S010,2025-07-24 13:15:00,83.89,0.82,2.09,ALERT
S001,2025-07-24 13:30:00,68.24,1.37,3.28,NORMAL
S002,2025-07-24 13:45:00,90.0,0.95,1.6,NORMAL
S003,2025-07-24 14:00:00,73.3,1.22,4.04,ALERT
S007,2025-07-24 14:15:00,80.85,1.0,3.55,ALERT
S005,2025-07-24 14:30:00,72.73,1.23,1.44,NORMAL
S005,2025-07-24 14:45:00,97.87,0.98,2.27,NORMAL
S005,2025-07-24 15:00:00,67.45,0.9,3.62,NORMAL
S009,2025-07-24 15:15:00,79.86,1.12,1.49,NORMAL
S005,2025-07-24 15:30:00,99.84,1.3,1.98,NORMAL
S005,2025-07-24 15:45:00,77.83,1.26,2.8,NORMAL
S001,2025-07-24 16:00:00,70.81,1.45,5.81,NORMAL
S009,2025-07-24 16:15:00,61.85,1.16,4.84,NORMAL
S003,2025-07-24 16:30:00,80.09,0.9,4.58,NORMAL
S003,2025-07-24 16:45:00,82.21,1.32,5.56,ALERT
S004,2025-07-24 17:00:00,79.87,1.41,5.31,NORMAL
S003,2025-07-24 17:15:00,62.85,1.0,4.61,NORMAL
S003,2025-07-24 17:30:00,76.53,1.42,2.41,NORMAL
S009,2025-07-24 17:45:00,88.11,1.49,3.41,NORMAL
S004,2025-07-24 18:00:00,64.81,1.31,2.99,NORMAL
S007,2025-07-24 18:15:00,71.22,1.03,2.72,NORMAL
S009,2025-07-24 18:30:00,99.81,1.44,5.12,NORMAL
S004,2025-07-24 18:45:00,60.13,0.94,5.01,NORMAL
S006,2025-07-24 19:00:00,93.6,1.21,3.67,NORMAL
S007,2025-07-24 19:15:00,92.05,0.85,3.56,NORMAL
S009,2025-07-24 19:30:00,81.83,1.31,2.24,ALERT
S008,2025-07-24 19:45:00,90.78,1.12,5.63,NORMAL
S010,2025-07-24 20:00:00,65.18,1.3,1.85,ALERT
S004,2025-07-24 20:15:00,79.96,1.0,2.21,NORMAL
S007,2025-07-24 20:30:00,98.92,1.3,3.91,NORMAL
S001,2025-07-24 20:45:00,69.46,0.94,3.03,ALERT
S006,2025-07-24 21:00:00,61.0,0.82,5.29,ALERT
S002,2025-07-24 21:15:00,70.94,0.91,5.86,NORMAL
S001,2025-07-24 21:30:00,76.47,1.31,2.06,NORMAL
S002,2025-07-24 21:45:00,92.38,0.84,1.13,ALERT
S007,2025-07-24 22:00:00,99.78,1.01,2.74,NORMAL
S006,2025-07-24 22:15:00,89.97,0.86,3.32,NORMAL
S010,2025-07-24 22:30:00,89.32,1.05,5.83,NORMAL
S002,2025-07-24 22:45:00,60.18,0.8,1.75,ALERT
S007,2025-07-24 23:00:00,66.67,1.28,4.12,NORMAL
S001,2025-07-24 23:15:00,73.28,1.5,1.17,NORMAL
S007,2025-07-24 23:30:00,98.93,0.94,3.41,NORMAL
S009,2025-07-24 23:45:00,81.14,1.12,5.68,NORMAL
S001,2025-07-25 00:00:00,79.97,1.42,5.77,NORMAL
S006,2025-07-25 00:15:00,71.41,1.0,1.1,NORMAL
S008,2025-07-25 00:30:00,64.15,1.48,1.47,ALERT
S010,2025-07-25 00:45:00,73.33,1.0,5.89,NORMAL
S003,2025-07-25 01:00:00,79.29,1.23,2.4,NORMAL
S002,2025-07-25 01:15:00,66.46,1.1,2.38,NORMAL
S004,2025-07-25 01:30:00,95.33,1.0,4.07,NORMAL
S010,2025-07-25 01:45:00,75.27,1.4,1.42,NORMAL
S002,2025-07-25 02:00:00,92.72,0.8,3.84,ALERT
S007,2025-07-25 02:15:00,71.32,1.35,2.9,NORMAL
S009,2025-07-25 02:30:00,90.21,1.43,1.65,ALERT
S008,2025-07-25 02:45:00,84.97,0.93,4.04,NORMAL
S005,2025-07-25 03:00:00,69.54,1.11,4.26,NORMAL
S007,2025-07-25 03:15:00,74.8,1.31,2.7,NORMAL
S001,2025-07-25 03:30:00,96.35,1.11,3.05,NORMAL
S001,2025-07-25 03:45:00,60.36,1.13,1.7,NORMAL
S005,2025-07-25 04:00:00,90.59,0.89,4.66,NORMAL
S001,2025-07-25 04:15:00,78.55,1.06,1.81,NORMAL
S010,2025-07-25 04:30:00,88.48,0.82,3.72,NORMAL
S010,2025-07-25 04:45:00,94.25,1.18,2.53,NORMAL
